storage_slot_1_occupied,storage_slot_2_occupied,storage_slot_3_occupied,storage_slot_4_occupied,storage_slot_5_occupied,storage_slot_6_occupied,storage_slot_7_occupied,storage_slot_8_occupied,storage_slot_9_occupied,empty_storage
0,0,0,0,0,0,0,0,0,1
0,0,0,0,0,0,0,0,1,1
0,0,0,0,0,0,0,1,0,1
0,0,0,0,0,0,0,1,1,1
0,0,0,0,0,0,1,0,0,1
0,0,0,0,0,0,1,0,1,1
0,0,0,0,0,0,1,1,0,1
0,0,0,0,0,0,1,1,1,1
0,0,0,0,0,1,0,0,0,1
0,0,0,0,0,1,0,0,1,1
0,0,0,0,0,1,0,1,0,1
0,0,0,0,0,1,0,1,1,1
0,0,0,0,0,1,1,0,0,1
0,0,0,0,0,1,1,0,1,1
0,0,0,0,0,1,1,1,0,1
0,0,0,0,0,1,1,1,1,1
0,0,0,0,1,0,0,0,0,1
0,0,0,0,1,0,0,0,1,1
0,0,0,0,1,0,0,1,0,1
0,0,0,0,1,0,0,1,1,1
0,0,0,0,1,0,1,0,0,1
0,0,0,0,1,0,1,0,1,1
0,0,0,0,1,0,1,1,0,1
0,0,0,0,1,0,1,1,1,1
0,0,0,0,1,1,0,0,0,1
0,0,0,0,1,1,0,0,1,1
0,0,0,0,1,1,0,1,0,1
0,0,0,0,1,1,0,1,1,1
0,0,0,0,1,1,1,0,0,1
0,0,0,0,1,1,1,0,1,1
0,0,0,0,1,1,1,1,0,1
0,0,0,0,1,1,1,1,1,1
0,0,0,1,0,0,0,0,0,1
0,0,0,1,0,0,0,0,1,1
0,0,0,1,0,0,0,1,0,1
0,0,0,1,0,0,0,1,1,1
0,0,0,1,0,0,1,0,0,1
0,0,0,1,0,0,1,0,1,1
0,0,0,1,0,0,1,1,0,1
0,0,0,1,0,0,1,1,1,1
0,0,0,1,0,1,0,0,0,1
0,0,0,1,0,1,0,0,1,1
0,0,0,1,0,1,0,1,0,1
0,0,0,1,0,1,0,1,1,1
0,0,0,1,0,1,1,0,0,1
0,0,0,1,0,1,1,0,1,1
0,0,0,1,0,1,1,1,0,1
0,0,0,1,0,1,1,1,1,1
0,0,0,1,1,0,0,0,0,1
0,0,0,1,1,0,0,0,1,1
0,0,0,1,1,0,0,1,0,1
0,0,0,1,1,0,0,1,1,1
0,0,0,1,1,0,1,0,0,1
0,0,0,1,1,0,1,0,1,1
0,0,0,1,1,0,1,1,0,1
0,0,0,1,1,0,1,1,1,1
0,0,0,1,1,1,0,0,0,1
0,0,0,1,1,1,0,0,1,1
0,0,0,1,1,1,0,1,0,1
0,0,0,1,1,1,0,1,1,1
0,0,0,1,1,1,1,0,0,1
0,0,0,1,1,1,1,0,1,1
0,0,0,1,1,1,1,1,0,1
0,0,0,1,1,1,1,1,1,1
0,0,1,0,0,0,0,0,0,1
0,0,1,0,0,0,0,0,1,1
0,0,1,0,0,0,0,1,0,1
0,0,1,0,0,0,0,1,1,1
0,0,1,0,0,0,1,0,0,1
0,0,1,0,0,0,1,0,1,1
0,0,1,0,0,0,1,1,0,1
0,0,1,0,0,0,1,1,1,1
0,0,1,0,0,1,0,0,0,1
0,0,1,0,0,1,0,0,1,1
0,0,1,0,0,1,0,1,0,1
0,0,1,0,0,1,0,1,1,1
0,0,1,0,0,1,1,0,0,1
0,0,1,0,0,1,1,0,1,1
0,0,1,0,0,1,1,1,0,1
0,0,1,0,0,1,1,1,1,1
0,0,1,0,1,0,0,0,0,1
0,0,1,0,1,0,0,0,1,1
0,0,1,0,1,0,0,1,0,1
0,0,1,0,1,0,0,1,1,1
0,0,1,0,1,0,1,0,0,1
0,0,1,0,1,0,1,0,1,1
0,0,1,0,1,0,1,1,0,1
0,0,1,0,1,0,1,1,1,1
0,0,1,0,1,1,0,0,0,1
0,0,1,0,1,1,0,0,1,1
0,0,1,0,1,1,0,1,0,1
0,0,1,0,1,1,0,1,1,1
0,0,1,0,1,1,1,0,0,1
0,0,1,0,1,1,1,0,1,1
0,0,1,0,1,1,1,1,0,1
0,0,1,0,1,1,1,1,1,1
0,0,1,1,0,0,0,0,0,1
0,0,1,1,0,0,0,0,1,1
0,0,1,1,0,0,0,1,0,1
0,0,1,1,0,0,0,1,1,1
0,0,1,1,0,0,1,0,0,1
0,0,1,1,0,0,1,0,1,1
0,0,1,1,0,0,1,1,0,1
0,0,1,1,0,0,1,1,1,1
0,0,1,1,0,1,0,0,0,1
0,0,1,1,0,1,0,0,1,1
0,0,1,1,0,1,0,1,0,1
0,0,1,1,0,1,0,1,1,1
0,0,1,1,0,1,1,0,0,1
0,0,1,1,0,1,1,0,1,1
0,0,1,1,0,1,1,1,0,1
0,0,1,1,0,1,1,1,1,1
0,0,1,1,1,0,0,0,0,1
0,0,1,1,1,0,0,0,1,1
0,0,1,1,1,0,0,1,0,1
0,0,1,1,1,0,0,1,1,1
0,0,1,1,1,0,1,0,0,1
0,0,1,1,1,0,1,0,1,1
0,0,1,1,1,0,1,1,0,1
0,0,1,1,1,0,1,1,1,1
0,0,1,1,1,1,0,0,0,1
0,0,1,1,1,1,0,0,1,1
0,0,1,1,1,1,0,1,0,1
0,0,1,1,1,1,0,1,1,1
0,0,1,1,1,1,1,0,0,1
0,0,1,1,1,1,1,0,1,1
0,0,1,1,1,1,1,1,0,1
0,0,1,1,1,1,1,1,1,1
0,1,0,0,0,0,0,0,0,1
0,1,0,0,0,0,0,0,1,1
0,1,0,0,0,0,0,1,0,1
0,1,0,0,0,0,0,1,1,1
0,1,0,0,0,0,1,0,0,1
0,1,0,0,0,0,1,0,1,1
0,1,0,0,0,0,1,1,0,1
0,1,0,0,0,0,1,1,1,1
0,1,0,0,0,1,0,0,0,1
0,1,0,0,0,1,0,0,1,1
0,1,0,0,0,1,0,1,0,1
0,1,0,0,0,1,0,1,1,1
0,1,0,0,0,1,1,0,0,1
0,1,0,0,0,1,1,0,1,1
0,1,0,0,0,1,1,1,0,1
0,1,0,0,0,1,1,1,1,1
0,1,0,0,1,0,0,0,0,1
0,1,0,0,1,0,0,0,1,1
0,1,0,0,1,0,0,1,0,1
0,1,0,0,1,0,0,1,1,1
0,1,0,0,1,0,1,0,0,1
0,1,0,0,1,0,1,0,1,1
0,1,0,0,1,0,1,1,0,1
0,1,0,0,1,0,1,1,1,1
0,1,0,0,1,1,0,0,0,1
0,1,0,0,1,1,0,0,1,1
0,1,0,0,1,1,0,1,0,1
0,1,0,0,1,1,0,1,1,1
0,1,0,0,1,1,1,0,0,1
0,1,0,0,1,1,1,0,1,1
0,1,0,0,1,1,1,1,0,1
0,1,0,0,1,1,1,1,1,1
0,1,0,1,0,0,0,0,0,1
0,1,0,1,0,0,0,0,1,1
0,1,0,1,0,0,0,1,0,1
0,1,0,1,0,0,0,1,1,1
0,1,0,1,0,0,1,0,0,1
0,1,0,1,0,0,1,0,1,1
0,1,0,1,0,0,1,1,0,1
0,1,0,1,0,0,1,1,1,1
0,1,0,1,0,1,0,0,0,1
0,1,0,1,0,1,0,0,1,1
0,1,0,1,0,1,0,1,0,1
0,1,0,1,0,1,0,1,1,1
0,1,0,1,0,1,1,0,0,1
0,1,0,1,0,1,1,0,1,1
0,1,0,1,0,1,1,1,0,1
0,1,0,1,0,1,1,1,1,1
0,1,0,1,1,0,0,0,0,1
0,1,0,1,1,0,0,0,1,1
0,1,0,1,1,0,0,1,0,1
0,1,0,1,1,0,0,1,1,1
0,1,0,1,1,0,1,0,0,1
0,1,0,1,1,0,1,0,1,1
0,1,0,1,1,0,1,1,0,1
0,1,0,1,1,0,1,1,1,1
0,1,0,1,1,1,0,0,0,1
0,1,0,1,1,1,0,0,1,1
0,1,0,1,1,1,0,1,0,1
0,1,0,1,1,1,0,1,1,1
0,1,0,1,1,1,1,0,0,1
0,1,0,1,1,1,1,0,1,1
0,1,0,1,1,1,1,1,0,1
0,1,0,1,1,1,1,1,1,1
0,1,1,0,0,0,0,0,0,1
0,1,1,0,0,0,0,0,1,1
0,1,1,0,0,0,0,1,0,1
0,1,1,0,0,0,0,1,1,1
0,1,1,0,0,0,1,0,0,1
0,1,1,0,0,0,1,0,1,1
0,1,1,0,0,0,1,1,0,1
0,1,1,0,0,0,1,1,1,1
0,1,1,0,0,1,0,0,0,1
0,1,1,0,0,1,0,0,1,1
0,1,1,0,0,1,0,1,0,1
0,1,1,0,0,1,0,1,1,1
0,1,1,0,0,1,1,0,0,1
0,1,1,0,0,1,1,0,1,1
0,1,1,0,0,1,1,1,0,1
0,1,1,0,0,1,1,1,1,1
0,1,1,0,1,0,0,0,0,1
0,1,1,0,1,0,0,0,1,1
0,1,1,0,1,0,0,1,0,1
0,1,1,0,1,0,0,1,1,1
0,1,1,0,1,0,1,0,0,1
0,1,1,0,1,0,1,0,1,1
0,1,1,0,1,0,1,1,0,1
0,1,1,0,1,0,1,1,1,1
0,1,1,0,1,1,0,0,0,1
0,1,1,0,1,1,0,0,1,1
0,1,1,0,1,1,0,1,0,1
0,1,1,0,1,1,0,1,1,1
0,1,1,0,1,1,1,0,0,1
0,1,1,0,1,1,1,0,1,1
0,1,1,0,1,1,1,1,0,1
0,1,1,0,1,1,1,1,1,1
0,1,1,1,0,0,0,0,0,1
0,1,1,1,0,0,0,0,1,1
0,1,1,1,0,0,0,1,0,1
0,1,1,1,0,0,0,1,1,1
0,1,1,1,0,0,1,0,0,1
0,1,1,1,0,0,1,0,1,1
0,1,1,1,0,0,1,1,0,1
0,1,1,1,0,0,1,1,1,1
0,1,1,1,0,1,0,0,0,1
0,1,1,1,0,1,0,0,1,1
0,1,1,1,0,1,0,1,0,1
0,1,1,1,0,1,0,1,1,1
0,1,1,1,0,1,1,0,0,1
0,1,1,1,0,1,1,0,1,1
0,1,1,1,0,1,1,1,0,1
0,1,1,1,0,1,1,1,1,1
0,1,1,1,1,0,0,0,0,1
0,1,1,1,1,0,0,0,1,1
0,1,1,1,1,0,0,1,0,1
0,1,1,1,1,0,0,1,1,1
0,1,1,1,1,0,1,0,0,1
0,1,1,1,1,0,1,0,1,1
0,1,1,1,1,0,1,1,0,1
0,1,1,1,1,0,1,1,1,1
0,1,1,1,1,1,0,0,0,1
0,1,1,1,1,1,0,0,1,1
0,1,1,1,1,1,0,1,0,1
0,1,1,1,1,1,0,1,1,1
0,1,1,1,1,1,1,0,0,1
0,1,1,1,1,1,1,0,1,1
0,1,1,1,1,1,1,1,0,1
0,1,1,1,1,1,1,1,1,1
1,0,0,0,0,0,0,0,0,2
1,0,0,0,0,0,0,0,1,2
1,0,0,0,0,0,0,1,0,2
1,0,0,0,0,0,0,1,1,2
1,0,0,0,0,0,1,0,0,2
1,0,0,0,0,0,1,0,1,2
1,0,0,0,0,0,1,1,0,2
1,0,0,0,0,0,1,1,1,2
1,0,0,0,0,1,0,0,0,2
1,0,0,0,0,1,0,0,1,2
1,0,0,0,0,1,0,1,0,2
1,0,0,0,0,1,0,1,1,2
1,0,0,0,0,1,1,0,0,2
1,0,0,0,0,1,1,0,1,2
1,0,0,0,0,1,1,1,0,2
1,0,0,0,0,1,1,1,1,2
1,0,0,0,1,0,0,0,0,2
1,0,0,0,1,0,0,0,1,2
1,0,0,0,1,0,0,1,0,2
1,0,0,0,1,0,0,1,1,2
1,0,0,0,1,0,1,0,0,2
1,0,0,0,1,0,1,0,1,2
1,0,0,0,1,0,1,1,0,2
1,0,0,0,1,0,1,1,1,2
1,0,0,0,1,1,0,0,0,2
1,0,0,0,1,1,0,0,1,2
1,0,0,0,1,1,0,1,0,2
1,0,0,0,1,1,0,1,1,2
1,0,0,0,1,1,1,0,0,2
1,0,0,0,1,1,1,0,1,2
1,0,0,0,1,1,1,1,0,2
1,0,0,0,1,1,1,1,1,2
1,0,0,1,0,0,0,0,0,2
1,0,0,1,0,0,0,0,1,2
1,0,0,1,0,0,0,1,0,2
1,0,0,1,0,0,0,1,1,2
1,0,0,1,0,0,1,0,0,2
1,0,0,1,0,0,1,0,1,2
1,0,0,1,0,0,1,1,0,2
1,0,0,1,0,0,1,1,1,2
1,0,0,1,0,1,0,0,0,2
1,0,0,1,0,1,0,0,1,2
1,0,0,1,0,1,0,1,0,2
1,0,0,1,0,1,0,1,1,2
1,0,0,1,0,1,1,0,0,2
1,0,0,1,0,1,1,0,1,2
1,0,0,1,0,1,1,1,0,2
1,0,0,1,0,1,1,1,1,2
1,0,0,1,1,0,0,0,0,2
1,0,0,1,1,0,0,0,1,2
1,0,0,1,1,0,0,1,0,2
1,0,0,1,1,0,0,1,1,2
1,0,0,1,1,0,1,0,0,2
1,0,0,1,1,0,1,0,1,2
1,0,0,1,1,0,1,1,0,2
1,0,0,1,1,0,1,1,1,2
1,0,0,1,1,1,0,0,0,2
1,0,0,1,1,1,0,0,1,2
1,0,0,1,1,1,0,1,0,2
1,0,0,1,1,1,0,1,1,2
1,0,0,1,1,1,1,0,0,2
1,0,0,1,1,1,1,0,1,2
1,0,0,1,1,1,1,1,0,2
1,0,0,1,1,1,1,1,1,2
1,0,1,0,0,0,0,0,0,2
1,0,1,0,0,0,0,0,1,2
1,0,1,0,0,0,0,1,0,2
1,0,1,0,0,0,0,1,1,2
1,0,1,0,0,0,1,0,0,2
1,0,1,0,0,0,1,0,1,2
1,0,1,0,0,0,1,1,0,2
1,0,1,0,0,0,1,1,1,2
1,0,1,0,0,1,0,0,0,2
1,0,1,0,0,1,0,0,1,2
1,0,1,0,0,1,0,1,0,2
1,0,1,0,0,1,0,1,1,2
1,0,1,0,0,1,1,0,0,2
1,0,1,0,0,1,1,0,1,2
1,0,1,0,0,1,1,1,0,2
1,0,1,0,0,1,1,1,1,2
1,0,1,0,1,0,0,0,0,2
1,0,1,0,1,0,0,0,1,2
1,0,1,0,1,0,0,1,0,2
1,0,1,0,1,0,0,1,1,2
1,0,1,0,1,0,1,0,0,2
1,0,1,0,1,0,1,0,1,2
1,0,1,0,1,0,1,1,0,2
1,0,1,0,1,0,1,1,1,2
1,0,1,0,1,1,0,0,0,2
1,0,1,0,1,1,0,0,1,2
1,0,1,0,1,1,0,1,0,2
1,0,1,0,1,1,0,1,1,2
1,0,1,0,1,1,1,0,0,2
1,0,1,0,1,1,1,0,1,2
1,0,1,0,1,1,1,1,0,2
1,0,1,0,1,1,1,1,1,2
1,0,1,1,0,0,0,0,0,2
1,0,1,1,0,0,0,0,1,2
1,0,1,1,0,0,0,1,0,2
1,0,1,1,0,0,0,1,1,2
1,0,1,1,0,0,1,0,0,2
1,0,1,1,0,0,1,0,1,2
1,0,1,1,0,0,1,1,0,2
1,0,1,1,0,0,1,1,1,2
1,0,1,1,0,1,0,0,0,2
1,0,1,1,0,1,0,0,1,2
1,0,1,1,0,1,0,1,0,2
1,0,1,1,0,1,0,1,1,2
1,0,1,1,0,1,1,0,0,2
1,0,1,1,0,1,1,0,1,2
1,0,1,1,0,1,1,1,0,2
1,0,1,1,0,1,1,1,1,2
1,0,1,1,1,0,0,0,0,2
1,0,1,1,1,0,0,0,1,2
1,0,1,1,1,0,0,1,0,2
1,0,1,1,1,0,0,1,1,2
1,0,1,1,1,0,1,0,0,2
1,0,1,1,1,0,1,0,1,2
1,0,1,1,1,0,1,1,0,2
1,0,1,1,1,0,1,1,1,2
1,0,1,1,1,1,0,0,0,2
1,0,1,1,1,1,0,0,1,2
1,0,1,1,1,1,0,1,0,2
1,0,1,1,1,1,0,1,1,2
1,0,1,1,1,1,1,0,0,2
1,0,1,1,1,1,1,0,1,2
1,0,1,1,1,1,1,1,0,2
1,0,1,1,1,1,1,1,1,2
1,1,0,0,0,0,0,0,0,3
1,1,0,0,0,0,0,0,1,3
1,1,0,0,0,0,0,1,0,3
1,1,0,0,0,0,0,1,1,3
1,1,0,0,0,0,1,0,0,3
1,1,0,0,0,0,1,0,1,3
1,1,0,0,0,0,1,1,0,3
1,1,0,0,0,0,1,1,1,3
1,1,0,0,0,1,0,0,0,3
1,1,0,0,0,1,0,0,1,3
1,1,0,0,0,1,0,1,0,3
1,1,0,0,0,1,0,1,1,3
1,1,0,0,0,1,1,0,0,3
1,1,0,0,0,1,1,0,1,3
1,1,0,0,0,1,1,1,0,3
1,1,0,0,0,1,1,1,1,3
1,1,0,0,1,0,0,0,0,3
1,1,0,0,1,0,0,0,1,3
1,1,0,0,1,0,0,1,0,3
1,1,0,0,1,0,0,1,1,3
1,1,0,0,1,0,1,0,0,3
1,1,0,0,1,0,1,0,1,3
1,1,0,0,1,0,1,1,0,3
1,1,0,0,1,0,1,1,1,3
1,1,0,0,1,1,0,0,0,3
1,1,0,0,1,1,0,0,1,3
1,1,0,0,1,1,0,1,0,3
1,1,0,0,1,1,0,1,1,3
1,1,0,0,1,1,1,0,0,3
1,1,0,0,1,1,1,0,1,3
1,1,0,0,1,1,1,1,0,3
1,1,0,0,1,1,1,1,1,3
1,1,0,1,0,0,0,0,0,3
1,1,0,1,0,0,0,0,1,3
1,1,0,1,0,0,0,1,0,3
1,1,0,1,0,0,0,1,1,3
1,1,0,1,0,0,1,0,0,3
1,1,0,1,0,0,1,0,1,3
1,1,0,1,0,0,1,1,0,3
1,1,0,1,0,0,1,1,1,3
1,1,0,1,0,1,0,0,0,3
1,1,0,1,0,1,0,0,1,3
1,1,0,1,0,1,0,1,0,3
1,1,0,1,0,1,0,1,1,3
1,1,0,1,0,1,1,0,0,3
1,1,0,1,0,1,1,0,1,3
1,1,0,1,0,1,1,1,0,3
1,1,0,1,0,1,1,1,1,3
1,1,0,1,1,0,0,0,0,3
1,1,0,1,1,0,0,0,1,3
1,1,0,1,1,0,0,1,0,3
1,1,0,1,1,0,0,1,1,3
1,1,0,1,1,0,1,0,0,3
1,1,0,1,1,0,1,0,1,3
1,1,0,1,1,0,1,1,0,3
1,1,0,1,1,0,1,1,1,3
1,1,0,1,1,1,0,0,0,3
1,1,0,1,1,1,0,0,1,3
1,1,0,1,1,1,0,1,0,3
1,1,0,1,1,1,0,1,1,3
1,1,0,1,1,1,1,0,0,3
1,1,0,1,1,1,1,0,1,3
1,1,0,1,1,1,1,1,0,3
1,1,0,1,1,1,1,1,1,3
1,1,1,0,0,0,0,0,0,4
1,1,1,0,0,0,0,0,1,4
1,1,1,0,0,0,0,1,0,4
1,1,1,0,0,0,0,1,1,4
1,1,1,0,0,0,1,0,0,4
1,1,1,0,0,0,1,0,1,4
1,1,1,0,0,0,1,1,0,4
1,1,1,0,0,0,1,1,1,4
1,1,1,0,0,1,0,0,0,4
1,1,1,0,0,1,0,0,1,4
1,1,1,0,0,1,0,1,0,4
1,1,1,0,0,1,0,1,1,4
1,1,1,0,0,1,1,0,0,4
1,1,1,0,0,1,1,0,1,4
1,1,1,0,0,1,1,1,0,4
1,1,1,0,0,1,1,1,1,4
1,1,1,0,1,0,0,0,0,4
1,1,1,0,1,0,0,0,1,4
1,1,1,0,1,0,0,1,0,4
1,1,1,0,1,0,0,1,1,4
1,1,1,0,1,0,1,0,0,4
1,1,1,0,1,0,1,0,1,4
1,1,1,0,1,0,1,1,0,4
1,1,1,0,1,0,1,1,1,4
1,1,1,0,1,1,0,0,0,4
1,1,1,0,1,1,0,0,1,4
1,1,1,0,1,1,0,1,0,4
1,1,1,0,1,1,0,1,1,4
1,1,1,0,1,1,1,0,0,4
1,1,1,0,1,1,1,0,1,4
1,1,1,0,1,1,1,1,0,4
1,1,1,0,1,1,1,1,1,4
1,1,1,1,0,0,0,0,0,5
1,1,1,1,0,0,0,0,1,5
1,1,1,1,0,0,0,1,0,5
1,1,1,1,0,0,0,1,1,5
1,1,1,1,0,0,1,0,0,5
1,1,1,1,0,0,1,0,1,5
1,1,1,1,0,0,1,1,0,5
1,1,1,1,0,0,1,1,1,5
1,1,1,1,0,1,0,0,0,5
1,1,1,1,0,1,0,0,1,5
1,1,1,1,0,1,0,1,0,5
1,1,1,1,0,1,0,1,1,5
1,1,1,1,0,1,1,0,0,5
1,1,1,1,0,1,1,0,1,5
1,1,1,1,0,1,1,1,0,5
1,1,1,1,0,1,1,1,1,5
1,1,1,1,1,0,0,0,0,6
1,1,1,1,1,0,0,0,1,6
1,1,1,1,1,0,0,1,0,6
1,1,1,1,1,0,0,1,1,6
1,1,1,1,1,0,1,0,0,6
1,1,1,1,1,0,1,0,1,6
1,1,1,1,1,0,1,1,0,6
1,1,1,1,1,0,1,1,1,6
1,1,1,1,1,1,0,0,0,7
1,1,1,1,1,1,0,0,1,7
1,1,1,1,1,1,0,1,0,7
1,1,1,1,1,1,0,1,1,7
1,1,1,1,1,1,1,0,0,8
1,1,1,1,1,1,1,0,1,8
1,1,1,1,1,1,1,1,0,9
1,1,1,1,1,1,1,1,1,0
